<?xml version="1.0" encoding="UTF-8"?>
<project-private xmlns="http://www.netbeans.org/ns/project-private/1">
    <editor-bookmarks xmlns="http://www.netbeans.org/ns/editor-bookmarks/2" lastBookmarkId="0"/>
    <open-files xmlns="http://www.netbeans.org/ns/projectui-open-files/2">
        <group>
            <file>file:/C:/Users/jans7/OneDrive/Documentos/NetBeansProjects/SIRECAJ/SIRECAJ/src/conexion/ConexionSQL.java</file>
            <file>file:/C:/Users/jans7/OneDrive/Documentos/NetBeansProjects/SIRECAJ/SIRECAJ/src/vista/VentanaPrincipal.java</file>
            <file>file:/C:/Users/jans7/OneDrive/Documentos/NetBeansProjects/SIRECAJ/SIRECAJ/src/vista/LoginVista.java</file>
            <file>file:/C:/Users/jans7/OneDrive/Documentos/NetBeansProjects/SIRECAJ/SIRECAJ/src/modelo/Usuario.java</file>
            <file>file:/C:/Users/jans7/OneDrive/Documentos/NetBeansProjects/SIRECAJ/SIRECAJ/src/dao/UsuarioDAO.java</file>
            <file>file:/C:/Users/jans7/OneDrive/Documentos/NetBeansProjects/SIRECAJ/SIRECAJ/src/controlador/UsuarioController.java</file>
            <file>file:/C:/Users/jans7/OneDrive/Documentos/NetBeansProjects/SIRECAJ/SIRECAJ/src/vista/VistaNotas.java</file>
            <file>file:/C:/Users/jans7/OneDrive/Documentos/NetBeansProjects/SIRECAJ/SIRECAJ/src/dao/NotaDAO.java</file>
            <file>file:/C:/Users/jans7/OneDrive/Documentos/NetBeansProjects/SIRECAJ/SIRECAJ/src/controlador/EstudianteController.java</file>
            <file>file:/C:/Users/jans7/OneDrive/Documentos/NetBeansProjects/SIRECAJ/SIRECAJ/src/controlador/ObservacionController.java</file>
            <file>file:/C:/Users/jans7/OneDrive/Documentos/NetBeansProjects/SIRECAJ/SIRECAJ/src/controlador/ProyectoDAO.java</file>
            <file>file:/C:/Users/jans7/OneDrive/Documentos/NetBeansProjects/SIRECAJ/SIRECAJ/src/vista/FormularioEliminarEstudiante.java</file>
            <file>file:/C:/Users/jans7/OneDrive/Documentos/NetBeansProjects/SIRECAJ/SIRECAJ/src/vista/FormularioObservacion.java</file>
            <file>file:/C:/Users/jans7/OneDrive/Documentos/NetBeansProjects/SIRECAJ/SIRECAJ/src/vista/VentanaAdministrador.java</file>
            <file>file:/C:/Users/jans7/OneDrive/Documentos/NetBeansProjects/SIRECAJ/SIRECAJ/src/modelo/Observacion.java</file>
            <file>file:/C:/Users/jans7/OneDrive/Documentos/NetBeansProjects/SIRECAJ/SIRECAJ/src/modelo/Nota.java</file>
            <file>file:/C:/Users/jans7/OneDrive/Documentos/NetBeansProjects/SIRECAJ/SIRECAJ/src/vista/FormularioHistorialNotas.java</file>
            <file>file:/C:/Users/jans7/OneDrive/Documentos/NetBeansProjects/SIRECAJ/SIRECAJ/src/vista/FormularioHistorialNotasPorEstudiante.java</file>
            <file>file:/C:/Users/jans7/OneDrive/Documentos/NetBeansProjects/SIRECAJ/SIRECAJ/src/vista/FormularioNota.java</file>
            <file>file:/C:/Users/jans7/OneDrive/Documentos/NetBeansProjects/SIRECAJ/SIRECAJ/src/dao/EstudianteDAO.java</file>
        </group>
    </open-files>
</project-private>
